City_ID,City,Cloudiness,Country,Date,Humidity,Lat,Lng,Max Temp,Wind Speed
0,tuatapere,100,NZ,1576121442,97,-46.13,167.69,57.04,1.52
1,butaritari,0,KI,1576121518,75,3.07,172.79,84.65,14.03
2,xuddur,9,SO,1576121833,79,4.12,43.89,72.97,6.11
3,hobart,40,AU,1576121432,47,-42.88,147.33,60.01,20.8
4,cagayan de tawi-tawi,100,PH,1576121833,80,6.97,118.51,81.95,19.86
5,vryburg,0,ZA,1576121724,42,-26.96,24.73,64.53,5.08
6,komsomolskiy,100,RU,1576121579,96,67.55,63.78,5.23,5.28
7,nanortalik,100,GL,1576121235,94,60.14,-45.24,30.83,14.27
8,hermanus,2,ZA,1576121428,81,-34.42,19.24,66.99,11.99
9,kaitangata,27,NZ,1576121449,83,-46.28,169.85,60.01,11.01
10,beloha,38,MG,1576121834,86,-25.17,45.06,76.03,8.48
11,thompson,5,CA,1576121526,74,55.74,-97.86,-23.8,2.24
12,puerto ayora,0,AR,1576121534,65,-51.62,-69.23,46.4,12.75
13,barrow,17,AR,1576121530,76,-38.31,-60.23,61.38,6.11
14,tiksi,2,RU,1576121565,88,71.64,128.87,-28.23,4.9
15,piacabucu,5,BR,1576121834,79,-10.41,-36.43,77.5,9.13
16,avarua,99,CK,1576121449,94,-21.21,-159.78,77.0,14.99
17,shemordan,97,RU,1576121834,86,56.19,50.4,21.81,11.45
18,yulara,82,AU,1576121572,18,-25.24,130.99,87.8,24.16
19,bethel,90,US,1576121447,79,60.79,-161.76,26.6,18.34
20,hilo,75,US,1576121281,74,19.71,-155.08,78.8,6.93
21,katsuura,40,JP,1576121534,53,33.93,134.5,53.6,19.46
22,busselton,0,AU,1576121522,17,-33.64,115.35,93.99,3.58
23,ushuaia,75,AR,1576121518,81,-54.81,-68.31,44.6,26.4
24,east london,0,UG,1576121554,88,3.43,31.7,68.86,1.92
25,norman wells,1,US,1576121479,60,35.22,-97.44,46.0,14.99
26,kapaa,75,US,1576121492,65,22.08,-159.32,82.4,3.36
27,bredasdorp,74,ZA,1576121433,72,-34.53,20.04,68.0,12.75
28,sungaipenuh,57,ID,1576121835,73,-2.08,101.38,71.58,4.29
29,rikitea,100,PF,1576121428,82,-23.12,-134.97,73.51,26.37
30,severo-kurilsk,100,RU,1576121446,83,50.68,156.12,25.61,3.83
31,richards bay,90,US,1576121835,84,46.84,-95.91,1.4,8.05
32,saucillo,0,MX,1576121835,62,28.03,-105.29,54.93,6.08
33,atuona,0,PF,1576121525,67,-9.8,-139.03,79.83,11.16
34,sao filipe,7,IN,1576121535,58,20.51,76.21,71.78,14.52
35,usinsk,95,RU,1576121835,95,66.0,57.56,16.32,9.98
36,qaanaaq,0,GL,1576121521,50,77.48,-69.36,-3.32,9.82
37,new norfolk,88,LR,1576121517,96,6.65,-10.59,73.44,0.72
38,castro,40,CL,1576121518,93,-42.48,-73.76,41.0,1.12
39,kavieng,89,PG,1576121522,67,-2.57,150.8,85.75,8.75
40,jamestown,100,AU,1576121504,20,-33.21,138.6,77.56,10.29
41,punta arenas,75,PH,1576121521,74,14.18,121.12,84.0,4.7
42,hervey bay,1,US,1576121836,69,33.5,-93.78,39.2,3.36
43,tasiilaq,100,GL,1576121523,79,65.61,-37.64,24.8,34.45
44,ust-kuyga,11,RU,1576121836,99,70.0,135.55,-35.79,5.46
45,sambava,0,MG,1576121548,86,-14.27,50.17,74.95,0.72
46,conneaut,90,US,1576121612,79,41.95,-80.55,28.4,6.93
47,salalah,8,OM,1576121536,73,17.01,54.1,73.4,5.82
48,vawkavysk,90,BY,1576121837,95,53.15,24.45,32.0,11.18
49,ghanzi,52,BW,1576121837,35,-21.7,21.65,72.34,6.69
50,aquidauana,19,BR,1576121837,94,-20.47,-55.78,73.92,3.44
51,airai,59,TL,1576121541,35,-8.93,125.41,86.63,7.23
52,meulaboh,42,ID,1576121453,77,4.14,96.13,79.68,6.8
53,clyde river,73,NZ,1576121280,64,-45.19,169.32,70.0,5.01
54,balkanabat,46,TM,1576121837,82,39.51,54.36,38.97,5.5
55,mataura,100,NZ,1576121520,50,-46.19,168.86,75.54,3.38
56,umarkot,3,PK,1576121837,46,25.37,69.74,69.91,4.12
57,hithadhoo,100,MV,1576121542,71,-0.6,73.08,82.2,4.56
58,samaipata,100,BO,1576121838,98,-18.18,-63.88,61.74,1.9
59,berlevag,40,NO,1576121477,92,70.86,29.09,24.8,24.16
60,ancud,40,CL,1576121582,93,-41.87,-73.83,41.0,1.12
61,vaini,0,IN,1576121518,72,15.34,74.49,69.8,3.36
62,tura,92,RU,1576121567,96,64.27,100.22,-3.17,3.15
63,ornes,75,FR,1576121838,93,49.25,5.47,39.99,3.36
64,gigmoto,24,PH,1576121838,79,13.78,124.39,81.99,17.67
65,vanavara,100,RU,1576121526,94,60.35,102.28,13.95,7.18
66,cabo san lucas,90,ES,1576121519,76,43.18,-5.8,55.0,10.29
67,padra,0,IN,1576121838,82,22.24,73.09,64.4,4.7
68,nouakchott,100,MR,1576121838,18,18.08,-15.98,68.0,9.17
69,lloro,90,ES,1576121839,76,43.28,-5.56,55.99,10.29
70,shelburne,90,CA,1576121839,67,44.08,-80.2,19.99,9.17
71,ouesso,85,CG,1576121820,89,1.61,16.05,69.8,1.9
72,beyneu,0,KZ,1576121833,88,45.32,55.19,30.4,4.65
73,longyearbyen,75,NO,1576121434,61,78.22,15.63,15.8,32.21
74,tuktoyaktuk,5,CA,1576121534,69,69.44,-133.03,-13.0,17.22
75,beaumont,1,US,1576121746,65,30.09,-94.1,50.0,3.36
76,port lincoln,100,CD,1576121383,70,-7.04,29.76,75.29,7.34
77,beringovskiy,71,RU,1576121343,90,63.05,179.32,26.91,10.2
78,lebu,20,ET,1576121543,87,8.96,38.73,51.8,2.24
79,bluff,0,AU,1576121531,25,-23.58,149.07,95.68,4.14
80,chumphon,20,TH,1576121839,66,10.5,99.18,86.0,9.17
81,vostok,100,RU,1576121840,92,46.45,135.83,-1.21,7.72
82,alice springs,0,ZA,1576121547,97,-32.79,26.83,54.07,5.26
83,nikolskoye,93,RU,1576121531,79,59.7,30.79,28.99,11.18
84,chicama,90,PE,1576121587,88,-7.84,-79.15,68.0,5.82
85,dabat,78,ET,1576121840,83,12.98,37.77,54.93,1.23
86,sao paulo de olivenca,7,IN,1576121840,58,20.51,76.21,71.78,14.52
87,jertih,20,MY,1576121840,78,5.74,102.5,82.4,2.24
88,albany,20,US,1576121359,46,42.65,-73.75,30.0,13.87
89,port hedland,100,CD,1576121383,70,-7.04,29.76,75.29,7.34
90,port alfred,100,CD,1576121383,70,-7.04,29.76,75.29,7.34
91,ahipara,0,NZ,1576121841,66,-35.17,173.16,81.0,1.01
92,georgetown,90,GY,1576121552,100,6.8,-58.16,75.2,2.24
93,dibulla,100,CO,1576121841,79,11.27,-73.31,80.56,22.53
94,port elizabeth,100,CD,1576121533,70,-7.04,29.76,75.29,7.34
95,victoria,75,BN,1576121413,79,5.28,115.24,84.2,4.7
96,wakkanai,75,JP,1576121841,92,45.41,141.67,32.0,38.03
97,cape town,35,CL,1576121526,88,-36.41,-71.9,55.0,3.0
98,bouar,0,CF,1576121841,30,5.94,15.59,65.53,3.02
99,kruisfontein,69,ZA,1576121522,90,-34.0,24.73,61.93,8.12
100,andreyevo,32,RU,1576121841,57,55.95,41.15,25.99,3.18
101,barcelos,100,BR,1576121841,96,-0.97,-62.93,74.14,0.94
102,hlobyne,100,UA,1576121841,91,49.39,33.25,38.98,7.2
103,fortuna,90,US,1576121554,87,40.6,-124.16,57.99,20.8
104,altamira,7,BR,1576121842,93,-3.2,-52.21,73.47,2.19
105,klaksvik,0,FO,1576121549,93,62.23,-6.59,37.4,16.11
106,doha,35,QA,1576121708,64,25.29,51.53,69.8,8.05
107,lakatoro,100,VU,1576121842,66,-16.11,167.42,78.91,11.81
108,seoul,1,KR,1576121301,31,37.57,126.98,37.4,1.12
109,bubaque,71,GW,1576121842,71,11.28,-15.83,80.47,8.75
110,bambous virieux,75,MU,1576121559,83,-20.26,57.41,81.0,8.05
111,pangkalanbuun,20,ID,1576121575,50,-2.68,111.62,91.94,1.99
112,gat,96,SN,1576121842,25,14.69,-16.54,75.2,11.41
113,mar del plata,54,CN,1576121522,20,29.86,90.73,20.53,1.43
114,ndjole,100,GA,1576121842,97,-0.18,10.76,71.87,1.57
115,chino valley,20,JP,1576121843,37,35.99,138.16,50.0,19.46
116,halifax,90,CA,1576121627,100,44.65,-63.58,26.01,2.24
117,garden city,75,DE,1576121843,97,53.69,12.05,37.0,3.36
118,torbay,90,CA,1576121551,92,47.66,-52.73,30.0,12.75
119,rockhampton,0,AU,1576121843,32,-23.38,150.51,95.0,6.93
120,chokurdakh,100,RU,1576121528,96,70.62,147.9,-21.59,4.0
121,tautira,40,PF,1576121544,78,-17.73,-149.15,80.6,4.7
122,ribeira grande,75,PT,1576121569,93,41.76,-8.56,60.01,9.17
123,wagar,0,US,1576121843,82,31.44,-87.99,41.0,5.68
124,thinadhoo,97,MV,1576121843,73,0.53,72.93,82.29,8.1
125,sioux lookout,1,US,1576121843,71,46.74,-90.88,3.99,5.82
126,mayo,75,CA,1576121843,92,63.59,-135.9,24.8,3.36
127,cascais,40,PT,1576121844,87,38.7,-9.42,53.6,6.93
128,auki,0,NG,1576121844,15,12.18,6.51,63.59,10.04
129,cumana,100,VE,1576121605,100,10.46,-64.17,66.2,10.29
130,esmeraldas,75,BR,1576121844,94,-19.76,-44.31,71.6,6.93
131,arraial do cabo,20,BR,1576121543,88,-22.84,-46.65,66.2,5.82
132,wajid,0,SO,1576121844,72,3.81,43.25,74.77,7.49
133,nioro,100,GM,1576121844,17,13.79,-15.05,74.71,9.26
134,pisco,90,PE,1576121274,88,-13.71,-76.2,66.2,14.99
135,mahebourg,75,MU,1576121519,83,-20.41,57.7,81.0,8.05
136,panlaitan,100,PH,1576121844,66,12.12,119.85,83.95,2.73
137,tefe,100,BR,1576121844,92,-3.35,-64.71,73.87,1.39
138,bilma,67,NE,1576121845,29,18.69,12.92,57.61,19.22
139,majholi,100,IN,1576121845,72,23.5,79.93,66.2,9.17
140,sao jose da coroa grande,7,IN,1576121559,58,20.51,76.21,71.78,14.52
141,upernavik,0,GL,1576121239,61,72.79,-56.15,1.54,6.06
142,ironton,1,US,1576121845,92,38.54,-82.68,28.4,3.36
143,merauke,100,ID,1576121845,48,-8.49,140.4,93.31,5.55
144,cidreira,17,BR,1576121535,91,-30.17,-50.22,73.26,26.66
145,vestmanna,12,FO,1576121719,93,62.16,-7.17,37.4,16.11
146,poum,75,MK,1576121559,91,41.28,20.71,39.2,5.82
147,kodiak,1,US,1576121521,68,39.95,-94.76,37.0,9.17
148,kimbe,97,PG,1576121550,61,-5.56,150.15,87.58,6.29
149,grand island,75,FR,1576121845,93,48.39,5.49,39.2,12.75
150,saint-augustin,20,CA,1576121564,48,45.63,-73.98,21.2,13.87
151,cervo,100,BR,1576121846,94,-22.19,-46.24,62.22,1.01
152,oneonta,39,US,1576121846,58,42.45,-75.06,21.99,4.0
153,westport,1,US,1576121763,55,41.14,-73.36,35.01,11.41
154,kaduqli,95,SD,1576121846,19,11.01,29.72,75.07,12.39
155,corinto,75,CO,1576121846,83,3.17,-76.26,71.6,6.93
156,khatanga,100,RU,1576121558,87,71.98,102.47,-8.46,7.83
157,yelizovo,3,RU,1576121846,62,53.19,158.38,19.4,6.71
158,hambantota,40,LK,1576121558,88,6.12,81.12,80.6,3.36
159,ahuimanu,90,US,1576121846,74,21.44,-157.84,80.6,4.7
160,labuhan,72,ID,1576121540,77,-2.54,115.51,83.93,2.17
161,tonantins,93,BR,1576121846,93,-2.86,-67.77,73.54,1.28
162,kostino,90,BG,1576121847,93,41.7,25.3,48.99,4.9
163,ulladulla,40,AU,1576121847,49,-35.36,150.48,75.0,12.75
164,camacha,75,PT,1576121576,72,33.08,-16.33,62.6,9.17
165,mehamn,81,NO,1576121567,86,71.03,27.85,28.53,14.54
166,mogadishu,0,SO,1576121562,81,2.04,45.34,81.39,11.79
167,yenagoa,90,NG,1576121847,94,4.92,6.26,75.45,2.26
168,touros,75,BR,1576121847,78,-5.2,-35.46,78.8,6.93
169,santa maria,0,PH,1576121575,58,17.49,120.43,83.68,8.97
170,brae,98,GB,1576121847,86,60.4,-1.35,39.2,28.86
171,alekseyevka,75,RU,1576121847,79,53.25,50.49,26.6,13.42
172,hasaki,20,JP,1576121459,52,35.73,140.83,66.0,11.41
173,leningradskiy,48,RU,1576121429,92,69.38,178.42,20.1,11.72
174,kahului,40,US,1576121433,62,20.89,-156.47,84.2,10.29
175,nadym,100,RU,1576121848,95,65.53,72.51,19.17,12.84
176,qurbus,75,TN,1576121848,76,36.82,10.57,53.6,11.41
177,cochabamba,90,BO,1576121848,60,-17.39,-66.16,68.0,4.7
178,verkhoyansk,0,RU,1576121848,92,67.55,133.39,-37.52,0.76
179,kichera,100,RU,1576121848,94,55.93,110.1,10.9,0.76
180,grants,1,US,1576121848,86,35.15,-107.85,26.6,8.41
181,coquimbo,0,CL,1576121561,87,-29.95,-71.34,57.2,8.05
182,mount gambier,42,GB,1576121522,84,53.66,-1.85,36.0,4.7
183,avera,1,US,1576121529,80,33.19,-82.53,44.6,4.7
184,machaneng,18,BW,1576121849,55,-23.19,27.49,70.45,1.21
185,kudahuvadhoo,74,MV,1576121849,79,2.67,72.89,80.04,9.13
186,port-gentil,100,GA,1576121849,83,-0.72,8.78,79.54,14.65
187,yellowknife,20,CA,1576121430,73,62.45,-114.38,-20.99,2.24
188,shubarshi,99,KZ,1576121849,82,48.59,57.19,23.4,5.86
189,mudgee,40,AU,1576121849,16,-32.6,149.59,88.0,16.11
190,shakhovskaya,100,RU,1576121849,96,56.03,35.51,34.02,8.77
191,eregli,100,TR,1576121580,86,37.51,34.05,42.03,2.55
192,zhangzhou,0,CN,1576121849,48,24.51,117.65,66.2,13.42
193,yerbogachen,98,RU,1576121561,97,61.28,108.01,-1.12,3.04
194,tarakan,100,ID,1576121715,64,3.3,117.63,86.68,2.48
195,salvador,20,BR,1576121850,74,-12.98,-38.48,80.6,8.05
196,guapiles,75,CR,1576121814,77,10.22,-83.79,69.8,9.17
197,dunedin,68,NZ,1576121409,83,-45.87,170.5,60.01,20.0
198,saldanha,99,PT,1576121518,93,41.42,-6.55,41.36,11.03
199,chuy,0,UY,1576121339,66,-33.69,-53.46,72.27,10.67
200,seminole,1,US,1576121850,84,32.72,-102.64,43.0,9.17
201,panguna,100,PG,1576121850,86,-6.32,155.48,79.3,4.07
202,lagoa,0,PT,1576121850,76,37.14,-8.45,53.01,10.29
203,college,1,US,1576121520,92,64.86,-147.8,28.4,4.83
204,mys shmidta,85,RU,1576121539,85,62.06,48.62,17.6,6.33
205,iwaki,75,JP,1576121851,57,37.05,140.89,57.99,18.34
206,guerrero negro,4,AR,1576121587,69,-24.19,-65.45,73.4,8.05
207,hami,1,CN,1576121851,40,42.84,93.51,27.66,1.23
208,saint-philippe,1,CA,1576121542,53,45.36,-73.48,21.2,23.04
209,tarko-sale,100,RU,1576121851,92,64.92,77.78,26.01,7.76
210,flinders,40,AU,1576121564,49,-34.58,150.85,75.0,12.75
211,sorland,86,NO,1576121592,68,67.67,12.69,42.64,21.7
212,narsaq,100,GL,1576121429,29,60.91,-46.05,35.6,20.8
213,belmonte,100,PT,1576121552,80,40.36,-7.35,46.99,6.82
214,dakar,100,SN,1576121641,25,14.69,-17.45,75.2,11.41
215,zhigansk,100,RU,1576121477,95,66.77,123.37,-28.35,8.3
216,nabire,95,ID,1576121583,90,-3.36,135.5,80.28,3.02
217,loreto,16,PY,1576121852,78,-23.27,-57.32,78.85,5.21
218,elbistan,100,TR,1576121852,98,38.2,37.19,32.63,2.51
219,fallon,75,US,1576121852,92,46.84,-105.12,23.0,2.73
220,tianpeng,24,CN,1576121852,46,28.88,112.34,58.87,2.84
221,fukue,40,JP,1576121852,62,35.03,136.69,57.2,29.97
222,constitucion,5,MX,1576121538,47,23.99,-104.67,48.2,3.36
223,spas,75,MK,1576121852,91,41.55,20.48,42.8,5.82
224,kurumkan,100,RU,1576121852,97,54.33,110.32,4.53,1.52
225,acari,50,BR,1576121852,81,-6.44,-36.64,72.12,17.05
226,grand river south east,75,FR,1576121540,93,48.39,5.49,39.2,12.75
227,palafrugell,90,ES,1576121546,100,41.92,3.16,48.99,2.24
228,nemuro,75,JP,1576121544,77,43.32,145.57,46.4,23.04
229,karpathos,75,GR,1576121766,60,35.51,27.21,63.59,18.99
230,makokou,0,GA,1576121853,97,0.56,12.85,67.75,1.72
231,grootfontein,100,NA,1576121853,36,-19.56,18.1,66.6,7.23
232,vao,100,EE,1576121557,66,59.1,26.19,27.32,9.44
233,xining,5,CN,1576121519,33,36.62,101.77,19.92,6.35
234,kamen-na-obi,86,RU,1576121853,96,53.79,81.35,13.15,7.67
235,waitara,0,NZ,1576121853,55,-39.0,174.24,72.0,8.01
236,jonkoping,100,SE,1576121853,100,57.78,14.16,37.4,4.7
237,maputo,75,MZ,1576121853,78,-25.97,32.57,73.4,16.11
238,kayerkan,75,RU,1576121854,92,69.35,87.76,21.2,13.42
239,hofn,100,IS,1576121550,59,64.25,-15.21,33.93,28.66
240,manggar,97,ID,1576121854,72,-2.88,108.27,83.03,8.32
241,cherskiy,100,RU,1576121540,97,68.75,161.3,-5.69,14.94
242,riohacha,46,CO,1576121722,85,11.54,-72.91,76.28,9.66
243,kloulklubed,75,PW,1576121580,74,7.04,134.26,86.0,10.29
244,saskylakh,46,RU,1576121539,95,71.97,114.09,-26.73,6.6
245,iqaluit,40,CA,1576121571,70,63.75,-68.52,1.4,12.75
246,toora-khem,27,RU,1576121854,90,52.47,96.11,9.32,2.35
247,dingle,33,PH,1576121477,79,11.0,122.67,81.86,14.14
248,sabang,61,PH,1576121854,68,13.8,121.11,81.05,13.71
249,geraldton,75,CA,1576121854,75,49.72,-86.95,-14.8,3.36
250,port hardy,100,CD,1576121854,70,-7.04,29.76,75.29,7.34
251,armidale,0,AU,1576121554,22,-30.51,151.67,84.0,5.01
252,dodola,29,BF,1576121855,15,10.12,-3.28,70.39,3.76
253,andujar,0,ES,1576121855,87,38.04,-4.05,43.0,4.0
254,arlit,7,NE,1576121855,31,18.74,7.39,65.48,8.05
255,najran,40,SA,1576121531,93,17.54,44.22,62.6,2.24
256,puerto suarez,0,AR,1576121855,65,-51.62,-69.23,46.4,12.75
257,paredon,100,BO,1576121855,83,-18.93,-65.16,59.31,0.69
258,whitehorse,90,CA,1576121855,92,60.72,-135.06,21.0,2.01
259,tirlyanskiy,32,RU,1576121855,94,54.22,58.58,17.83,6.22
260,hamilton,20,CA,1576121247,61,43.26,-79.87,21.2,11.41
261,ambunti,100,PG,1576121856,52,-4.22,142.82,93.42,2.17
262,san quintin,33,ML,1576121524,19,13.3,-4.9,67.62,10.87
263,troutdale,90,US,1576121856,87,45.53,-122.39,48.2,17.22
264,tessalit,9,ML,1576121578,27,20.2,1.01,63.81,11.99
265,esperance,0,AU,1576121480,36,-33.86,121.89,78.8,8.05
266,mount pleasant,42,GB,1576121522,84,53.66,-1.85,36.0,4.7
267,port macquarie,100,CD,1576121856,70,-7.04,29.76,75.29,7.34
268,pundaguitan,100,PH,1576121856,75,6.37,126.17,81.48,9.4
269,vaitape,62,PF,1576121856,73,-16.52,-151.75,80.47,7.4
270,milcoiu,100,RO,1576121856,91,45.04,24.47,36.81,5.79
271,lethem,65,GY,1576121857,73,3.38,-59.8,79.48,13.38
272,aleksandrov gay,19,RU,1576121857,73,56.4,38.71,26.96,6.06
273,bontang,100,ID,1576121857,79,0.12,117.47,82.24,5.95
274,dikson,2,RU,1576121526,90,73.51,80.55,-12.44,11.3
275,nouadhibou,96,MR,1576121468,37,20.93,-17.03,66.2,14.99
276,faanui,62,PF,1576121568,73,-16.48,-151.75,80.47,7.4
277,cockburn town,100,AU,1576121857,29,-32.08,141.0,77.0,16.11
278,puri,100,ID,1576121858,54,-7.54,112.45,89.87,4.72
279,laguna,4,BZ,1576121858,98,16.17,-88.94,70.97,1.01
280,trat,20,TH,1576121858,58,12.25,102.51,86.0,5.82
281,plonsk,75,PL,1576121858,94,52.62,20.38,36.0,6.93
282,forrest city,0,AU,1576121858,32,-30.85,128.11,80.6,18.34
283,mogeiro,75,BR,1576121858,88,-7.3,-35.48,78.8,11.41
284,san cristobal,33,ML,1576121331,19,13.3,-4.9,67.62,10.87
285,diamantino,100,BR,1576121858,92,-14.4,-56.44,73.09,3.24
286,dongsheng,0,CN,1576121858,46,29.72,112.52,57.69,4.14
287,pacific grove,90,US,1576121858,100,47.26,-122.25,48.2,5.59
288,kenai,75,US,1576121859,64,60.55,-151.26,39.0,19.46
289,talara,87,PE,1576121859,87,-4.58,-81.27,70.07,16.2
290,bad wurzach,40,YE,1576121859,76,14.54,44.22,63.54,0.85
291,hay river,0,AU,1576121859,20,-34.51,144.84,81.93,16.08
292,port augusta,100,CD,1576121859,70,-7.04,29.76,75.29,7.34
293,yumen,83,CN,1576121588,27,40.29,97.04,29.3,4.81
294,salem,90,US,1576121859,87,44.94,-123.03,48.99,9.17
295,provideniya,75,RU,1576121520,97,64.42,-173.23,32.0,15.66
296,cap malheureux,35,FR,1576121582,93,49.27,-1.21,48.0,8.05
297,havre-saint-pierre,1,CA,1576121585,65,50.23,-63.6,5.0,3.36
298,haines junction,90,US,1576121860,99,44.91,-117.94,37.99,16.11
299,bukama,87,CD,1576121860,98,-9.2,25.85,66.65,1.07
300,araceli,49,PH,1576121860,79,10.55,119.99,81.86,21.03
301,bonthe,12,SL,1576121860,79,7.53,-12.5,78.89,1.45
302,atambua,61,ID,1576121860,63,-9.11,124.89,85.1,9.75
303,khandyga,64,RU,1576121860,95,62.65,135.58,-32.66,1.1
304,rocha,72,UY,1576121481,91,-34.48,-54.34,65.17,10.85
305,lata,100,IN,1576121541,97,30.78,78.62,19.13,7.23
306,taoudenni,61,ML,1576121860,20,22.68,-3.98,56.52,10.04
307,carnarvon,0,ZA,1576121241,49,-30.97,22.13,61.95,9.95
308,new plymouth,88,LR,1576121676,96,6.65,-10.59,73.44,0.72
309,alofi,75,NU,1576121537,78,-19.06,-169.92,82.4,6.93
310,bongandanga,100,CD,1576121861,85,1.51,21.07,70.48,2.91
311,kununurra,0,AU,1576121574,31,-15.77,128.74,102.2,9.17
312,saint-jean-de-maurienne,75,FR,1576121861,93,45.28,6.35,39.99,5.82
313,vila velha,100,IT,1576121861,100,45.18,8.4,37.0,5.82
314,mount isa,42,GB,1576121861,84,53.66,-1.85,36.0,4.7
315,bur gabo,90,FI,1576121861,93,63.56,22.87,37.99,12.75
316,buchanan,93,LR,1576121538,94,5.88,-10.05,74.44,2.24
317,sol-iletsk,70,RU,1576121861,95,51.16,55.0,24.96,7.38
318,paamiut,100,GL,1576121576,71,61.99,-49.67,31.78,2.37
319,santa cruz,0,PH,1576121575,58,17.49,120.43,83.68,8.97
320,kawalu,100,ID,1576121592,69,-7.38,108.21,81.18,4.07
321,kostomuksha,100,RU,1576121862,95,64.59,30.6,35.1,10.58
322,iralaya,100,HN,1576121533,79,15.0,-83.23,81.48,21.03
323,vila franca do campo,100,IT,1576121549,100,45.18,8.4,37.0,5.82
324,deputatskiy,69,RU,1576121428,94,69.3,139.9,-25.82,2.98
325,nuuk,100,GL,1576121862,67,64.17,-51.74,21.2,11.41
326,cochrane,71,CL,1576121862,97,-47.25,-72.57,33.91,5.35
327,banda aceh,100,IN,1576121862,42,28.24,80.11,62.55,5.77
328,sao joao nepomuceno,7,IN,1576121862,58,20.51,76.21,71.78,14.52
329,elat,8,CM,1576121862,99,2.91,11.16,66.45,0.45
330,namatanai,100,PG,1576121664,70,-3.66,152.44,84.99,8.41
331,etchoropo,67,MX,1576121863,79,26.77,-109.67,68.0,6.38
332,luderitz,0,NA,1576121830,87,-26.65,15.16,60.8,1.12
333,stancuta,100,RO,1576121863,89,44.9,27.83,44.91,7.87
334,praia da vitoria,90,BR,1576121863,78,-20.25,-43.81,71.6,4.7
335,aklavik,5,CA,1576121525,69,68.22,-135.01,-13.0,6.93
336,guadalupe y calvo,5,MX,1576121530,81,25.68,-100.26,50.0,6.93
337,ballina,100,IE,1576121589,94,54.11,-9.15,41.0,5.01
338,sardulgarh,100,IN,1576121863,37,29.7,75.25,64.0,3.87
339,blythe,1,US,1576121863,47,33.61,-114.59,57.2,11.41
340,antalaha,0,MG,1576121592,81,-14.9,50.28,79.12,4.99
341,batticaloa,8,LK,1576121552,82,7.71,81.69,78.91,2.77
342,teguldet,100,RU,1576121863,91,57.31,88.17,23.79,10.76
343,carutapera,36,BR,1576121534,77,-1.2,-46.02,81.95,15.75
344,mikumi,1,TZ,1576121864,93,-7.4,36.98,67.48,3.91
345,derbent,0,RU,1576121864,69,42.06,48.29,43.68,3.56
346,bahia blanca,46,BR,1576121864,86,-3.55,-40.25,76.24,3.74
347,homer,90,US,1576121864,61,59.64,-151.54,50.0,8.05
348,evanston,1,US,1576121720,62,42.04,-87.69,19.99,4.85
349,harper,1,US,1576121593,66,30.3,-99.24,41.0,8.97
350,sirur,0,IN,1576121865,64,18.83,74.38,70.39,9.04
351,chitral,100,PK,1576121865,62,35.85,71.79,12.4,5.66
352,basoko,99,CD,1576121865,99,1.23,23.61,66.88,1.72
353,havelock,1,US,1576121580,80,34.88,-76.9,42.8,3.36
354,canico,75,PT,1576121865,72,32.63,-16.85,62.6,14.99
355,kailua,90,US,1576121592,74,21.39,-157.74,80.6,4.7
356,nantucket,1,US,1576121865,64,41.28,-70.1,35.6,6.93
357,salinopolis,100,BR,1576121580,76,-0.61,-47.36,82.26,17.36
358,russell,1,US,1576121756,72,38.9,-98.86,44.6,20.8
359,banepa,75,NP,1576121866,93,27.63,85.52,51.8,3.13
360,peniche,40,PT,1576121539,93,39.36,-9.38,53.01,3.36
361,banyo,0,CM,1576121866,32,6.75,11.81,65.08,2.91
362,kaeo,65,NZ,1576121866,66,-35.1,173.78,81.0,1.01
363,roseto degli abruzzi,75,US,1576121866,50,40.88,-75.21,32.0,8.05
364,studena,90,BG,1576121866,100,42.54,23.12,42.01,6.93
365,goderich,93,CA,1576121413,78,43.74,-81.71,21.0,11.99
366,byron bay,1,US,1576121866,75,32.65,-83.76,44.01,9.17
367,itarema,82,BR,1576121447,87,-2.92,-39.92,77.45,3.51
368,uige,100,AO,1576121867,97,-7.61,15.06,66.6,1.59
369,estelle,32,FR,1576121867,61,43.97,3.47,46.4,21.92
370,yar-sale,91,RU,1576121574,95,66.83,70.83,7.54,8.5
371,mabaruma,100,GY,1576121550,99,8.2,-59.78,71.74,1.66
372,talnakh,75,RU,1576121867,92,69.49,88.39,21.2,13.42
373,aksarka,100,RU,1576121518,93,66.56,67.8,10.74,5.95
374,dudinka,75,RU,1576121867,92,69.41,86.18,21.2,13.42
375,staunton,1,US,1576121729,68,38.15,-79.07,30.99,3.6
376,valdivia,2,CL,1576121867,100,-39.81,-73.25,42.8,3.36
377,viedma,43,AR,1576121867,34,-40.81,-62.99,65.03,30.62
378,evensk,100,RU,1576121867,93,61.92,159.24,-3.06,9.04
379,puchov,75,SK,1576121868,92,49.12,18.33,35.6,1.12
380,pacatuba,5,BR,1576121868,79,-10.45,-36.65,77.5,9.13
381,lavrentiya,100,RU,1576121580,87,65.58,-170.99,27.93,12.59
382,monte azul,75,FR,1576121868,75,42.47,9.39,51.8,5.82
383,chapais,75,CA,1576121868,70,49.78,-74.86,-4.0,13.87
384,souillac,86,FR,1576121529,86,45.6,-0.6,43.0,2.24
385,pevek,100,RU,1576121458,94,69.7,170.27,10.04,9.04
386,chinchani,19,IN,1576121868,72,16.42,74.53,68.0,3.36
387,kondoa,13,TZ,1576121868,98,-4.91,35.78,62.33,5.03
388,ponta do sol,100,BR,1576121535,97,-0.53,-65.05,74.25,0.18
389,marzuq,5,YE,1576121868,72,14.4,46.47,63.61,2.59
390,aberystwyth,95,GB,1576121868,93,52.41,-4.08,34.0,11.01
391,killybegs,100,IE,1576121581,94,54.63,-8.45,39.99,5.01
392,plouzane,100,FR,1576121869,87,48.38,-4.62,48.99,16.11
393,port blair,100,CD,1576121869,70,-7.04,29.76,75.29,7.34
394,axim,100,GH,1576121869,93,4.87,-2.24,75.99,1.5
395,namibe,92,AO,1576121555,81,-15.19,12.15,72.05,13.31
396,tiznit,0,MA,1576121869,54,29.7,-9.73,54.75,1.59
397,antofagasta,75,CL,1576121568,77,-23.65,-70.4,62.6,9.17
398,caernarfon,99,GB,1576121869,75,53.14,-4.27,44.01,17.22
399,kalabo,15,ZM,1576121869,73,-15.0,22.67,68.83,4.29
400,curuca,10,BR,1576121869,85,-2.52,-61.06,77.67,3.18
401,kalevala,100,FI,1576121869,95,64.12,29.58,34.59,11.41
402,akita,75,JP,1576121869,56,39.72,140.1,41.0,32.21
403,bandar,0,BD,1576121870,77,22.29,91.78,68.0,2.24
404,kutum,6,SD,1576121870,24,14.2,24.66,61.61,0.6
405,luau,100,CD,1576121870,99,-10.7,22.23,64.92,3.0
406,marquette,5,US,1576121870,84,46.54,-87.4,7.0,4.7
407,kamenka,0,MD,1576121870,94,48.03,28.7,36.0,3.0
408,pasighat,57,IN,1576121870,64,28.06,95.33,65.44,2.71
409,rawson,51,AR,1576121519,63,-43.3,-65.11,54.03,35.05
410,teguise,1,ES,1576121870,72,29.06,-13.56,64.4,16.11
411,grand gaube,75,FR,1576121531,93,48.39,5.49,39.2,12.75
412,bayir,75,TR,1576121870,87,37.27,28.22,53.6,6.93
413,laurel,1,US,1576121870,53,39.1,-76.85,35.01,5.82
414,gambela,100,ET,1576121871,75,8.25,34.59,75.69,3.31
415,isangel,20,VU,1576121539,58,-19.55,169.27,82.4,11.41
416,begamganj,100,IN,1576121871,59,23.6,78.33,66.13,7.96
417,yiyang,0,CN,1576121871,47,28.59,112.35,59.11,5.06
418,baiyin,0,CN,1576121871,42,36.55,104.13,28.4,4.47
419,yerkoy,100,TR,1576121871,93,39.64,34.47,37.94,6.69
420,registro,100,BR,1576121871,99,-24.5,-47.84,69.44,0.65
421,sokolo,97,ML,1576121871,19,14.74,-6.12,66.18,11.59
422,kavaratti,20,IN,1576121545,78,10.57,72.64,82.4,4.34
423,palmer,20,AU,1576121301,52,-34.85,139.16,75.99,16.11
424,eldorado,100,BR,1576121557,99,-24.52,-48.11,69.44,0.65
425,manamadurai,20,IN,1576121872,78,9.68,78.45,78.8,6.93
426,bull savanna,97,LR,1576121872,76,6.2,-10.28,81.61,5.82
427,kilindoni,16,TZ,1576121872,75,-7.91,39.67,82.54,6.38
428,hulyaypole,3,UA,1576121872,95,47.67,36.26,31.35,8.7
429,kajaani,90,FI,1576121872,100,64.22,27.73,33.8,9.17
430,tigil,100,RU,1576121872,95,57.8,158.67,17.28,8.99
431,damaturu,0,NG,1576121872,14,11.75,11.96,65.82,7.72
432,marawi,93,PH,1576121538,77,8.0,124.29,82.99,7.0
433,abnub,67,EG,1576121872,76,27.27,31.15,50.0,2.24
434,ilulissat,0,GL,1576121428,50,69.22,-51.1,5.0,10.29
435,gualaco,92,HN,1576121873,98,15.03,-86.07,63.09,2.44
436,redmond,90,US,1576121873,87,47.67,-122.12,48.2,5.82
437,puerto escondido,0,AR,1576121873,65,-51.62,-69.23,46.4,12.75
438,suez,33,EG,1576121873,60,29.97,32.54,56.61,2.51
439,vardo,90,US,1576121527,80,39.62,-77.74,32.0,9.17
440,lompoc,75,US,1576121813,93,34.64,-120.46,60.01,6.93
441,port-cartier,75,CA,1576121873,64,50.03,-66.88,-0.99,5.82
442,obo,100,CF,1576121873,76,5.39,26.49,70.16,5.55
443,robertsport,38,LR,1576121873,76,6.75,-11.37,81.64,8.37
444,shubarkuduk,98,KZ,1576121874,86,49.15,56.49,23.54,4.56
445,shetpe,0,KZ,1576121874,67,44.14,52.16,31.26,1.99
446,tepalcatepec,100,MX,1576121874,59,19.19,-102.85,65.28,4.99
447,sorata,100,BO,1576121874,69,-15.77,-68.65,34.77,3.78
448,leshukonskoye,100,RU,1576121874,94,64.9,45.76,19.76,9.66
449,coxim,100,BR,1576121874,84,-18.5,-54.75,75.42,3.09
450,orichi,26,RU,1576121874,88,58.4,49.06,20.8,5.59
451,sylva,1,US,1576121853,54,35.37,-83.23,34.0,1.61
452,kalat,1,PK,1576121874,88,29.03,66.58,39.99,3.96
453,gurupi,31,BR,1576121875,68,-11.73,-49.07,77.59,0.6
454,chinhoyi,26,ZW,1576121875,91,-17.36,30.19,65.52,2.3
455,ixtapa,75,MX,1576121536,83,20.71,-105.21,73.99,5.55
456,marsh harbour,42,GB,1576121569,84,53.65,-1.81,36.0,4.7
457,jumla,100,NP,1576121875,88,29.28,82.18,34.54,0.69
458,coruripe,8,BR,1576121875,79,-10.12,-36.18,77.88,12.12
459,baghdad,88,IQ,1576121720,93,33.3,44.38,46.4,3.36
460,johi,100,PK,1576121875,50,26.69,67.61,65.71,15.32
461,wyndham,75,GB,1576121875,86,51.61,-3.54,41.0,9.17
462,winneba,69,GH,1576121875,88,5.35,-0.62,78.8,4.7
463,pizarro,100,CO,1576121875,83,4.95,-77.37,78.33,5.14
464,wawa,0,NG,1576121876,26,9.9,4.41,72.86,4.34
465,donegal,100,IE,1576121876,95,54.65,-8.11,38.3,7.31
466,fontem,0,CM,1576121876,55,5.49,9.85,62.92,3.6
467,cayenne,47,GF,1576121404,100,4.94,-52.33,75.2,3.36
468,mandalgovi,0,MN,1576121876,53,45.76,106.27,21.42,16.22
469,port moresby,100,CD,1576121854,70,-7.04,29.76,75.29,7.34
470,qasigiannguit,0,GL,1576121876,50,68.82,-51.19,5.0,10.29
471,mareeba,90,AU,1576121876,58,-16.99,145.42,88.0,12.75
472,hanmer springs,75,CA,1576121876,71,46.65,-80.94,8.6,12.75
473,wanning,75,AT,1576121876,92,48.64,13.53,36.0,4.7
474,srednekolymsk,100,RU,1576121469,94,67.46,153.71,-16.02,7.25
475,sao miguel do tapuio,7,IN,1576121759,58,20.51,76.21,71.78,14.52
476,quelimane,100,MZ,1576121877,94,-17.88,36.89,75.78,4.61
477,melilla,75,EC,1576121877,83,-0.8,-80.23,75.2,11.41
478,split,91,HR,1576121627,66,43.51,16.44,48.99,4.7
479,pedro juan caballero,90,BR,1576121877,94,-18.99,-47.14,68.0,3.36
480,xiazhen,20,TW,1576121877,49,23.89,120.95,77.0,6.93
481,codrington,40,AU,1576121533,51,-28.95,153.24,89.6,13.87
482,pyatovskiy,90,RU,1576121877,100,54.69,36.06,35.6,4.47
483,nishihara,20,JP,1576121877,39,35.74,139.53,66.99,2.24
484,natal,75,BR,1576121877,83,-5.81,-35.21,78.8,6.93
485,vanimo,100,PG,1576121878,73,-2.67,141.3,81.9,4.07
486,sorong,67,ID,1576121571,51,-0.86,131.25,93.18,0.85
487,espinosa,0,BR,1576121851,65,-14.92,-42.81,67.51,4.05
488,quibdo,90,CO,1576121878,100,5.69,-76.66,75.2,9.17
489,mazyr,31,BY,1576121878,97,52.05,29.27,31.64,10.85
490,houma,97,CN,1576121572,31,35.63,111.36,41.29,6.98
491,racale,75,IT,1576121878,93,39.96,18.09,50.0,8.05
492,kirakira,99,SB,1576121878,79,-10.46,161.92,82.27,4.63
493,lagunas,95,PE,1576121878,93,-5.23,-75.68,74.41,1.05
494,fort nelson,6,IN,1576121524,82,17.96,79.61,70.52,9.22
495,mandurah,0,AU,1576121878,20,-32.55,115.7,95.0,13.87
496,tutoia,88,BR,1576121829,86,-2.76,-42.27,76.68,3.6
497,knysna,90,ZA,1576121879,93,-34.04,23.05,62.6,3.36
498,luba,0,PH,1576121553,58,17.32,120.7,83.68,8.97
499,elizabeth city,1,US,1576121450,53,40.66,-74.21,34.0,9.17
500,anchorage,40,US,1576121585,80,61.22,-149.89,37.0,6.93
501,sohag,2,EG,1576121879,62,26.55,31.7,51.8,6.93
502,grand centre,75,FR,1576121845,93,48.39,5.49,39.2,12.75
503,gangapur,40,IN,1576121879,77,19.7,75.01,66.2,7.76
504,mengcheng,63,CN,1576121879,42,33.26,116.57,49.23,10.78
505,naklo nad notecia,40,SI,1576121879,92,46.27,14.32,37.0,1.12
506,muromtsevo,83,RU,1576121879,94,56.37,75.24,18.27,7.56
507,bintulu,75,MY,1576121879,88,3.17,113.03,80.6,5.82
508,smithers,90,CA,1576121325,92,54.78,-127.17,23.0,2.24
509,salisbury,66,GB,1576121880,86,51.07,-1.8,39.2,4.7
510,sobolevo,34,RU,1576121880,97,54.43,31.9,29.98,6.58
511,waipawa,100,NZ,1576121880,66,-39.94,176.59,70.0,7.63
512,fairbanks,1,US,1576121405,92,64.84,-147.72,23.0,5.48
513,galveston,1,US,1576121880,92,40.58,-86.19,23.0,6.93
514,muros,90,ES,1576121880,100,42.77,-9.06,60.01,8.05
515,camopi,37,GF,1576121880,99,3.17,-52.33,70.43,1.86
516,sahbuz,75,AZ,1576121880,93,39.41,45.57,35.6,4.7
517,gornopravdinsk,100,RU,1576121880,98,60.06,69.92,31.01,6.44
518,adolfo lopez mateos,90,BR,1576121881,94,-21.24,-49.64,69.8,5.82
519,petropavlovsk-kamchatskiy,3,RU,1576121881,62,53.05,158.65,19.4,6.71
520,nagato,20,JP,1576121881,32,34.35,131.14,51.8,13.87
521,zhezkazgan,90,KZ,1576121881,93,47.8,67.71,32.0,6.71
522,wajir,0,KE,1576121565,75,1.75,40.07,78.17,6.53
523,lorengau,90,PG,1576121525,72,-2.02,147.27,84.65,13.33
524,portland,1,US,1576121316,68,43.66,-70.25,28.99,4.7
525,vestmannaeyjar,26,IS,1576121565,67,63.44,-20.27,30.7,30.94
526,margate,40,AU,1576121686,47,-43.03,147.26,59.0,20.8
527,salta,0,AR,1576121748,73,-24.79,-65.41,73.4,0.89
528,misratah,5,LY,1576121882,65,32.38,15.09,60.58,27.58
529,morant bay,20,JM,1576121882,83,17.9,-76.43,80.6,4.7
530,waddan,0,LY,1576121882,49,29.16,16.14,49.14,16.42
531,inongo,100,CD,1576121882,89,-1.93,18.29,70.88,2.93
532,liberty,1,US,1576121882,85,39.64,-84.93,27.0,4.7
533,goundam,3,ML,1576121882,17,16.42,-3.66,64.54,10.85
534,casablanca,75,MA,1576121715,100,33.6,-7.62,57.0,3.36
535,sur,89,OM,1576121882,70,22.57,59.53,71.94,2.42
536,seymchan,100,RU,1576121882,96,62.93,152.39,-12.28,4.79
